-- Bảng OTP
INSERT INTO otp (otp, user_id, get_OTP) VALUES
('123456', 1, 'SMS'),
('333445', 2, 'Email'),
('224336', 3, 'App');

-- Bảng Notification
INSERT INTO notification (user_id, content) VALUES
(1, 'Cây ở khu vực 1 cần tưới nước'),
(2, 'Nhiệt độ khu vực 2 quá cao'),
(3, 'Lịch trình bảo trì thiết bị đã được cập nhật');

-- Bảng Schedule
INSERT INTO schedule (content, area, user_id, date_time) VALUES
('Tưới nước cho cây', 1, 1, '2025-04-09 08:00:00'),
('Kiểm tra thiết bị', 2, 2, '2025-04-10 14:30:00'),
('Thu hoạch quả', 3, 3, '2025-04-11 09:15:00');

-- Bảng Tree
INSERT INTO tree (name, area, season, growth_time, amount) VALUES
('Cây cam', 1, 'Xuân', '2024-03-01 00:00:00', 50),
('Cây táo', 2, 'Hè', '2024-06-15 00:00:00', 30),
('Cây xoài', 3, 'Thu', '2024-09-10 00:00:00', 20);

-- Bảng Record
INSERT INTO record (area, temperature, humidity, light, soil_moisture, datetime) VALUES
(1, 25.5, 60.0, 500.0, 45.0, '2025-04-08 10:00:00'),
(2, 30.2, 55.0, 700.0, 50.0, '2025-04-08 12:00:00'),
(3, 22.8, 70.0, 400.0, 60.0, '2025-04-08 14:00:00');

-- Bảng Device
INSERT INTO device (device_id, area, warranty, drive, input_voltage, output_voltage, state, status, nameofdevices, speed) VALUES
(1, 1, '2 năm', 'Điện', '220V', '24V', TRUE, TRUE, 'Máy bơm nước', 100),
(2, 2, '1 năm', 'Điện', '110V', '12V', FALSE, TRUE, 'Đèn chiếu sáng', 0),
(3, 3, '3 năm', 'Pin', '5V', '5V', TRUE, FALSE, 'Cảm biến độ ẩm', 0);

-- Bảng user_schedule
INSERT INTO user_schedule (username, schedule_id) VALUES
('user', 1),
('user2', 2),
('admin', 3);

-- Bảng staff_schedule
INSERT INTO staff_schedule (username, schedule_id) VALUES
('user', 1),
('user2', 2),
('admin', 3);

-- Bảng tree_record
INSERT INTO tree_record (tree_name, tree_area, record_id) VALUES
('Cây cam', 1, 1),
('Cây táo', 2, 2),
('Cây xoài', 3, 3);

-- Bảng device_area
INSERT INTO device_area (device_id, area) VALUES
(1, 1),
(2, 2),
(3, 3);


-- RECORD FAKE DATA
select * from record

INSERT INTO record (area, temperature, humidity, light, soil_moisture, datetime) VALUES
-- Ngày 1/3/2025
(1, 24.5, 62.0, 450.0, 48.0, '2025-03-01 09:00:00'),
(2, 28.0, 58.0, 650.0, 52.0, '2025-03-01 11:00:00'),
-- Ngày 2/3/2025
(1, 26.2, 65.0, 500.0, 50.0, '2025-03-02 10:00:00'),
(1, 23.8, 68.0, 420.0, 55.0, '2025-03-02 14:00:00'),
(2, 29.5, 55.0, 720.0, 49.0, '2025-03-02 12:00:00'),
-- Ngày 3/3/2025
(1, 22.5, 70.0, 400.0, 60.0, '2025-03-03 08:00:00'),
(2, 27.8, 60.0, 680.0, 51.0, '2025-03-03 13:00:00'),
(2, 30.1, 57.0, 710.0, 53.0, '2025-03-03 15:00:00'),
-- Ngày 4/3/2025
(1, 25.0, 63.0, 480.0, 47.0, '2025-03-04 11:00:00'),
(2, 28.5, 59.0, 670.0, 50.0, '2025-03-04 10:00:00'),
-- Ngày 5/3/2025
(1, 23.5, 67.0, 430.0, 56.0, '2025-03-05 09:00:00'),
(1, 26.8, 64.0, 510.0, 49.0, '2025-03-05 12:00:00'),
(2, 29.2, 56.0, 690.0, 51.0, '2025-03-05 14:00:00'),
-- Ngày 6/3/2025
(1, 24.8, 66.0, 460.0, 54.0, '2025-03-06 08:00:00'),
(2, 27.5, 61.0, 640.0, 50.0, '2025-03-06 13:00:00'),
-- Ngày 7/3/2025
(1, 25.7, 64.0, 490.0, 48.0, '2025-03-07 10:00:00'),
(2, 28.9, 58.0, 700.0, 52.0, '2025-03-07 11:00:00'),
(2, 30.0, 55.0, 730.0, 49.0, '2025-03-07 15:00:00'),
-- Ngày 8/3/2025
(1, 23.0, 69.0, 410.0, 57.0, '2025-03-08 09:00:00'),
(2, 26.5, 62.0, 620.0, 51.0, '2025-03-08 12:00:00'),
-- Ngày 9/3/2025
(1, 24.2, 65.0, 470.0, 50.0, '2025-03-09 08:00:00'),
(1, 26.0, 63.0, 500.0, 48.0, '2025-03-09 14:00:00'),
(2, 29.0, 57.0, 710.0, 53.0, '2025-03-09 10:00:00'),
-- Ngày 10/3/2025
(1, 22.8, 70.0, 400.0, 60.0, '2025-03-10 11:00:00'),
(2, 27.0, 60.0, 650.0, 50.0, '2025-03-10 13:00:00'),
-- Ngày 11/3/2025 đến 30/3/2025 (tóm tắt để ngắn gọn)
(1, 25.5, 62.0, 480.0, 49.0, '2025-03-11 09:00:00'),
(2, 28.2, 58.0, 680.0, 51.0, '2025-03-11 12:00:00'),
(1, 24.0, 66.0, 450.0, 53.0, '2025-03-12 10:00:00'),
(2, 29.5, 56.0, 720.0, 50.0, '2025-03-12 14:00:00'),
(1, 23.5, 68.0, 420.0, 55.0, '2025-03-13 08:00:00'),
(2, 27.8, 59.0, 670.0, 52.0, '2025-03-13 11:00:00'),
(1, 26.0, 64.0, 500.0, 48.0, '2025-03-14 09:00:00'),
(1, 24.8, 65.0, 470.0, 50.0, '2025-03-14 13:00:00'),
(2, 28.5, 57.0, 690.0, 51.0, '2025-03-14 10:00:00'),
-- ... (tiếp tục với các ngày 15/3 đến 30/3 tương tự)
-- Ngày 1/4/2025
(1, 25.0, 63.0, 480.0, 47.0, '2025-04-01 10:00:00'),
(2, 30.0, 56.0, 700.0, 53.0, '2025-04-01 12:00:00'),
-- Ngày 2/4/2025
(1, 23.5, 67.0, 430.0, 56.0, '2025-04-02 09:00:00'),
(1, 26.8, 64.0, 510.0, 49.0, '2025-04-02 15:00:00'),
(2, 28.5, 59.0, 670.0, 50.0, '2025-04-02 11:00:00'),
-- Ngày 3/4/2025
(1, 24.8, 66.0, 460.0, 54.0, '2025-04-03 08:00:00'),
(2, 29.2, 57.0, 690.0, 51.0, '2025-04-03 13:00:00'),
-- Ngày 4/4/2025
(1, 25.7, 64.0, 490.0, 48.0, '2025-04-04 10:00:00'),
(2, 27.5, 61.0, 640.0, 50.0, '2025-04-04 14:00:00'),
(2, 30.0, 55.0, 730.0, 49.0, '2025-04-04 15:00:00'),
-- Ngày 5/4/2025
(1, 23.0, 69.0, 410.0, 57.0, '2025-04-05 09:00:00'),
(2, 26.5, 62.0, 620.0, 51.0, '2025-04-05 12:00:00'),
-- Ngày 6/4/2025
(1, 24.2, 65.0, 470.0, 50.0, '2025-04-06 08:00:00'),
(1, 26.0, 63.0, 500.0, 48.0, '2025-04-06 14:00:00'),
(2, 29.0, 57.0, 710.0, 53.0, '2025-04-06 10:00:00'),
-- Ngày 7/4/2025
(1, 22.8, 70.0, 400.0, 60.0, '2025-04-07 11:00:00'),
(2, 27.0, 60.0, 650.0, 50.0, '2025-04-07 13:00:00'),
-- Ngày 8/4/2025
(1, 25.5, 60.0, 500.0, 45.0, '2025-04-08 10:00:00'),
(2, 30.2, 55.0, 700.0, 50.0, '2025-04-08 12:00:00'),
(2, 22.8, 70.0, 400.0, 60.0, '2025-04-08 14:00:00'),
-- Ngày 9/4/2025
(1, 24.0, 66.0, 450.0, 53.0, '2025-04-09 09:00:00'),
(2, 28.5, 58.0, 680.0, 51.0, '2025-04-09 11:00:00'),
-- Ngày 10/4/2025
(1, 26.2, 64.0, 490.0, 48.0, '2025-04-10 10:00:00'),
(1, 23.5, 67.0, 420.0, 55.0, '2025-04-10 14:00:00'),
(2, 29.0, 56.0, 720.0, 50.0, '2025-04-10 12:00:00'),
-- Ngày 11/4/2025
(1, 25.0, 65.0, 470.0, 49.0, '2025-04-11 08:00:00'),
(2, 27.8, 59.0, 670.0, 52.0, '2025-04-11 13:00:00'),
-- Ngày 12/4/2025
(1, 24.8, 66.0, 460.0, 54.0, '2025-04-12 09:00:00'),
(2, 28.2, 57.0, 690.0, 51.0, '2025-04-12 10:00:00'),
(2, 30.0, 55.0, 730.0, 49.0, '2025-04-12 15:00:00'),
-- Ngày 13/4/2025
(1, 23.0, 68.0, 410.0, 57.0, '2025-04-13 11:00:00'),
(2, 26.5, 62.0, 620.0, 51.0, '2025-04-13 14:00:00'),
-- Ngày 14/4/2025
(1, 24.2, 65.0, 470.0, 50.0, '2025-04-14 08:00:00'),
(1, 26.0, 63.0, 500.0, 48.0, '2025-04-14 12:00:00'),
(2, 29.0, 57.0, 710.0, 53.0, '2025-04-14 10:00:00');



INSERT INTO record (area, temperature, humidity, light, soil_moisture, datetime) VALUES
-- Ngày 15/3/2025
(1, 24.5, 64.0, 460.0, 50.0, '2025-03-15 09:00:00'),
(2, 28.0, 58.0, 670.0, 52.0, '2025-03-15 11:00:00'),
-- Ngày 16/3/2025
(1, 26.2, 66.0, 490.0, 48.0, '2025-03-16 10:00:00'),
(1, 23.8, 69.0, 420.0, 55.0, '2025-03-16 14:00:00'),
(2, 29.5, 56.0, 710.0, 51.0, '2025-03-16 12:00:00'),
-- Ngày 17/3/2025
(1, 22.5, 70.0, 400.0, 60.0, '2025-03-17 08:00:00'),
(2, 27.8, 59.0, 680.0, 50.0, '2025-03-17 13:00:00'),
(2, 30.0, 55.0, 730.0, 49.0, '2025-03-17 15:00:00'),
-- Ngày 18/3/2025
(1, 25.0, 63.0, 480.0, 47.0, '2025-03-18 11:00:00'),
(2, 28.5, 57.0, 690.0, 51.0, '2025-03-18 10:00:00'),
-- Ngày 19/3/2025
(1, 23.5, 67.0, 430.0, 56.0, '2025-03-19 09:00:00'),
(1, 26.8, 65.0, 510.0, 49.0, '2025-03-19 12:00:00'),
(2, 29.2, 56.0, 720.0, 50.0, '2025-03-19 14:00:00'),
-- Ngày 20/3/2025
(1, 24.8, 66.0, 460.0, 54.0, '2025-03-20 08:00:00'),
(2, 27.5, 61.0, 640.0, 50.0, '2025-03-20 13:00:00'),
-- Ngày 21/3/2025
(1, 25.7, 64.0, 490.0, 48.0, '2025-03-21 10:00:00'),
(2, 28.9, 58.0, 700.0, 52.0, '2025-03-21 11:00:00'),
(2, 30.1, 55.0, 740.0, 49.0, '2025-03-21 15:00:00'),
-- Ngày 22/3/2025
(1, 23.0, 68.0, 410.0, 57.0, '2025-03-22 09:00:00'),
(2, 26.5, 62.0, 620.0, 51.0, '2025-03-22 12:00:00'),
-- Ngày 23/3/2025
(1, 24.2, 65.0, 470.0, 50.0, '2025-03-23 08:00:00'),
(1, 26.0, 63.0, 500.0, 48.0, '2025-03-23 14:00:00'),
(2, 29.0, 57.0, 710.0, 53.0, '2025-03-23 10:00:00'),
-- Ngày 24/3/2025
(1, 22.8, 70.0, 400.0, 60.0, '2025-03-24 11:00:00'),
(2, 27.0, 60.0, 650.0, 50.0, '2025-03-24 13:00:00'),
-- Ngày 25/3/2025
(1, 25.5, 62.0, 480.0, 49.0, '2025-03-25 09:00:00'),
(2, 28.2, 58.0, 680.0, 51.0, '2025-03-25 12:00:00'),
(2, 30.3, 56.0, 730.0, 50.0, '2025-03-25 14:00:00'),
-- Ngày 26/3/2025
(1, 24.0, 66.0, 450.0, 53.0, '2025-03-26 10:00:00'),
(2, 29.5, 56.0, 720.0, 50.0, '2025-03-26 11:00:00'),
-- Ngày 27/3/2025
(1, 23.5, 68.0, 420.0, 55.0, '2025-03-27 08:00:00'),
(1, 26.2, 64.0, 490.0, 48.0, '2025-03-27 13:00:00'),
(2, 27.8, 59.0, 670.0, 52.0, '2025-03-27 15:00:00'),
-- Ngày 28/3/2025
(1, 25.0, 65.0, 470.0, 49.0, '2025-03-28 09:00:00'),
(2, 28.5, 57.0, 690.0, 51.0, '2025-03-28 10:00:00'),
-- Ngày 29/3/2025
(1, 24.8, 66.0, 460.0, 54.0, '2025-03-29 11:00:00'),
(2, 27.5, 61.0, 640.0, 50.0, '2025-03-29 12:00:00'),
(2, 30.0, 55.0, 730.0, 49.0, '2025-03-29 14:00:00'),
-- Ngày 30/3/2025
(1, 23.0, 68.0, 410.0, 57.0, '2025-03-30 08:00:00'),
(1, 26.0, 63.0, 500.0, 48.0, '2025-03-30 13:00:00'),
(2, 29.0, 57.0, 710.0, 53.0, '2025-03-30 10:00:00'); 